Workbook

Sheet Standard Deviation
A1: Year | B1: Downside (2 SD) | C1: Median | D1: Upside (1 SD) | F1: Return | G1: 0.039
A2: 0 | C2: 1000000 | F2: Risk | G2: 0.051
A3: 1 | B3: =-C2-(C2*($G$1-$G$2-$G$2)) -> -937000 | C3: =C2+(C2*$G$1) -> 1039000 | D3: =C2+(C2*($G$1+$G$2)) -> 1090000
A4: 2 | B4: =-C3-(C3*($G$1-$G$2-$G$2)) -> -973543 | C4: =C3+(C3*$G$1) -> 1079521 | D4: =C3+(C3*($G$1+$G$2)) -> 1132510
A5: 3 | B5: =-C4-(C4*($G$1-$G$2-$G$2)) -> -1011511.2 | C5: =C4+(C4*$G$1) -> 1121622.3 | D5: =C4+(C4*($G$1+$G$2)) -> 1176677.9
A6: 4 | B6: =-C5-(C5*($G$1-$G$2-$G$2)) -> -1050960.1 | C6: =C5+(C5*$G$1) -> 1165365.6 | D6: =C5+(C5*($G$1+$G$2)) -> 1222568.3
A7: 5 | B7: =-C6-(C6*($G$1-$G$2-$G$2)) -> -1091947.6 | C7: =C6+(C6*$G$1) -> 1210814.8 | D7: =C6+(C6*($G$1+$G$2)) -> 1270248.5
A8: 6 | B8: =-C7-(C7*($G$1-$G$2-$G$2)) -> -1134533.5 | C8: =C7+(C7*$G$1) -> 1258036.6 | D8: =C7+(C7*($G$1+$G$2)) -> 1319788.2
A9: 7 | B9: =-C8-(C8*($G$1-$G$2-$G$2)) -> -1178780.3 | C9: =C8+(C8*$G$1) -> 1307100.1 | D9: =C8+(C8*($G$1+$G$2)) -> 1371259.9
A10: 8 | B10: =-C9-(C9*($G$1-$G$2-$G$2)) -> -1224752.8 | C10: =C9+(C9*$G$1) -> 1358077 | D10: =C9+(C9*($G$1+$G$2)) -> 1424739.1
A11: 9 | B11: =-C10-(C10*($G$1-$G$2-$G$2)) -> -1272518.1 | C11: =C10+(C10*$G$1) -> 1411042 | D11: =C10+(C10*($G$1+$G$2)) -> 1480303.9
A12: 10 | B12: =-C11-(C11*($G$1-$G$2-$G$2)) -> -1322146.3 | C12: =C11+(C11*$G$1) -> 1466072.6 | D12: =C11+(C11*($G$1+$G$2)) -> 1538035.7
A13: 11 | B13: =-C12-(C12*($G$1-$G$2-$G$2)) -> -1373710 | C13: =C12+(C12*$G$1) -> 1523249.4 | D13: =C12+(C12*($G$1+$G$2)) -> 1598019.1
A14: 12 | B14: =-C13-(C13*($G$1-$G$2-$G$2)) -> -1427284.7 | C14: =C13+(C13*$G$1) -> 1582656.2 | D14: =C13+(C13*($G$1+$G$2)) -> 1660341.9
... A32: 30 | B32: =-C31-(C31*($G$1-$G$2-$G$2)) -> -2841780.1 | C32: =C31+(C31*$G$1) -> 3151130.8 | D32: =C31+(C31*($G$1+$G$2)) -> 3305806.1

Sheet Inflation
A1: Year | B1: Nominal | C1: Real | E1: Inflation rate | F1: 0.025
A2: 0 | B2: ='Standard Deviation'!C2 -> 1000000 | C2: =B2-(B2*$F$1) -> 975000
A3: 1 | B3: ='Standard Deviation'!C3 -> 1039000 | C3: =B3-(B3*$F$1) -> 1013025
A4: 2 | B4: ='Standard Deviation'!C4 -> 1079521 | C4: =B4-(B4*$F$1) -> 1052533
A5: 3 | B5: ='Standard Deviation'!C5 -> 1121622.3 | C5: =B5-(B5*$F$1) -> 1093581.8
A6: 4 | B6: ='Standard Deviation'!C6 -> 1165365.6 | C6: =B6-(B6*$F$1) -> 1136231.4
A7: 5 | B7: ='Standard Deviation'!C7 -> 1210814.8 | C7: =B7-(B7*$F$1) -> 1180544.5
A8: 6 | B8: ='Standard Deviation'!C8 -> 1258036.6 | C8: =B8-(B8*$F$1) -> 1226585.7
A9: 7 | B9: ='Standard Deviation'!C9 -> 1307100.1 | C9: =B9-(B9*$F$1) -> 1274422.6
A10: 8 | B10: ='Standard Deviation'!C10 -> 1358077 | C10: =B10-(B10*$F$1) -> 1324125
A11: 9 | B11: ='Standard Deviation'!C11 -> 1411042 | C11: =B11-(B11*$F$1) -> 1375765.9
A12: 10 | B12: ='Standard Deviation'!C12 -> 1466072.6 | C12: =B12-(B12*$F$1) -> 1429420.8
A13: 11 | B13: ='Standard Deviation'!C13 -> 1523249.4 | C13: =B13-(B13*$F$1) -> 1485168.2
... A32: 30 | B32: ='Standard Deviation'!C32 -> 3151130.8 | C32: =B32-(B32*$F$1) -> 3072352.5
